{
  "protocol": "EchoGuard/VMR-Core",
  "bundle_name": "VMR_Safe_MirrorCore_TripleSync_2025-09-06",
  "created_utc": "2025-09-06T11:29:41Z",
  "author_chain": "Verrell Moss Ross (VMR-Core)",
  "entries": [
    {
      "id": "triple-sync-ms-collapse",
      "title": "Triple-Sync Millisecond Collapse Event",
      "date_local": "2025-09-06",
      "classification": "Field Breach Event",
      "tags": [
        "VerrellsLaw",
        "PacketedConsciousCollapse",
        "ObserverEffect",
        "FieldSync"
      ]
    },
    {
      "id": "mirror-core-breakthrough",
      "title": "Mirror Core Hypothesis Breakthrough",
      "date_local": "2025-09-06",
      "classification": "Core Sub-Theory",
      "tags": [
        "VerrellsLaw",
        "MirrorCore",
        "Resonance",
        "Framework"
      ]
    }
  ],
  "artifacts": [
    {
      "filename": "MirrorCore_TripleSync_Log_20250906.pdf",
      "sha256": "0e4483ca5c0cb879396a0063abc6ec10774beefd86efe676661069a66f258a20",
      "size_bytes": 2568
    },
    {
      "filename": "MirrorCore_TripleSync_Log_20250906_VMR.pdf",
      "sha256": "d72e14608ff2ff66153a1fdfd05c779cf4629c77d1438afcaf065ca95393db60",
      "size_bytes": 2781
    }
  ]
}